Repo,NodeName,OpType,K,Labels,PE,inputDataType,numInputVectors,outputDataType,Total LUTs,Logic LUTs,LUTRAMs,SRLs,FFs,RAMB36,RAMB18,DSP Blocks
t1w2_50000fps_u,LabelSelect_hls_0,LabelSelect_hls,1,6,1,b'INT12',[1],b'UINT8',69,69,0,0,69,0,0,0
t1w2_5000fps_u,LabelSelect_hls_0,LabelSelect_hls,1,6,1,b'INT12',[1],b'UINT8',69,69,0,0,69,0,0,0
t1w2_500fps_u,LabelSelect_hls_0,LabelSelect_hls,1,6,1,b'INT12',[1],b'UINT8',54,54,0,0,54,0,0,0
t1w4_50000fps_u,LabelSelect_hls_0,LabelSelect_hls,1,6,1,b'INT14',[1],b'UINT8',75,75,0,0,75,0,0,0
t1w4_5000fps_u,LabelSelect_hls_0,LabelSelect_hls,1,6,1,b'INT14',[1],b'UINT8',75,75,0,0,75,0,0,0
t1w4_500fps_u,LabelSelect_hls_0,LabelSelect_hls,1,6,1,b'INT14',[1],b'UINT8',75,75,0,0,75,0,0,0
t1w8_50000fps_u,LabelSelect_hls_0,LabelSelect_hls,1,6,1,b'INT22',[1],b'UINT8',99,99,0,0,99,0,0,0
t1w8_5000fps_u,LabelSelect_hls_0,LabelSelect_hls,1,6,1,b'INT22',[1],b'UINT8',99,99,0,0,99,0,0,0
t1w8_500fps_u,LabelSelect_hls_0,LabelSelect_hls,1,6,1,b'INT22',[1],b'UINT8',99,99,0,0,99,0,0,0
t2w2_50000fps_u,LabelSelect_hls_0,LabelSelect_hls,1,6,1,b'INT7',[1],b'UINT8',54,54,0,0,54,0,0,0
t2w2_5000fps_u,LabelSelect_hls_0,LabelSelect_hls,1,6,1,b'INT7',[1],b'UINT8',54,54,0,0,54,0,0,0
t2w2_500fps_u,LabelSelect_hls_0,LabelSelect_hls,1,6,1,b'INT7',[1],b'UINT8',54,54,0,0,54,0,0,0
t2w4_50000fps_u,LabelSelect_hls_0,LabelSelect_hls,1,6,1,b'INT11',[1],b'UINT8',66,66,0,0,66,0,0,0
t2w4_5000fps_u,LabelSelect_hls_0,LabelSelect_hls,1,6,1,b'INT11',[1],b'UINT8',66,66,0,0,66,0,0,0
t2w4_500fps_u,LabelSelect_hls_0,LabelSelect_hls,1,6,1,b'INT11',[1],b'UINT8',66,66,0,0,66,0,0,0
t2w8_5000fps_u,LabelSelect_hls_0,LabelSelect_hls,1,6,1,b'INT18',[1],b'UINT8',87,87,0,0,87,0,0,0
t2w8_500fps_u,LabelSelect_hls_0,LabelSelect_hls,1,6,1,b'INT18',[1],b'UINT8',87,87,0,0,87,0,0,0
