Repo,NodeName,ConvKernelDim (dimensions flattened),Dilation (dimensions flattened),Input Feature Map Channels,Input Feature Map Dim (dimensions flattened),Output Feature MapDim (dimensions flattened),SIMD,Stride (dimensions flattened),inputDataType (bits),outputDataType (bits),Total LUTs,Logic LUTs,LUTRAMs,SRLs,FFs,RAMB36,RAMB18,DSP Blocks
t1w2_50000fps_u,ConvolutionInputGenerator_hls_0,9,1,4,1156,256,4,4,8,8,1.8985,1.485,1.2644,0,0.6805,0.0,0.0,0.0
t1w2_5000fps_u,ConvolutionInputGenerator_hls_0,9,1,4,1156,256,1,4,8,8,1.7387,1.4004,1.0345,0,0.4887,0.0,0.0,0.0
t1w2_500fps_u,ConvolutionInputGenerator_hls_0,9,1,4,1156,256,1,4,8,8,1.75,1.4117,1.0345,0,0.4887,0.0,0.0,0.0
t1w4_50000fps_u,ConvolutionInputGenerator_hls_0,9,1,4,1156,256,4,4,8,8,1.8985,1.485,1.2644,0,0.6805,0.0,0.0,0.0
t1w4_5000fps_u,ConvolutionInputGenerator_hls_0,9,1,4,1156,256,1,4,8,8,1.735,1.3966,1.0345,0,0.4887,0.0,0.0,0.0
t1w4_500fps_u,ConvolutionInputGenerator_hls_0,9,1,4,1156,256,1,4,8,8,1.7425,1.4041,1.0345,0,0.4887,0.0,0.0,0.0
t1w8_50000fps_u,ConvolutionInputGenerator_hls_0,9,1,4,1156,256,4,4,8,8,1.8327,1.4192,1.2644,0,0.6805,0.0,0.0,0.0
t1w8_5000fps_u,ConvolutionInputGenerator_hls_0,9,1,4,1156,256,1,4,8,8,1.75,1.4117,1.0345,0,0.4887,0.0,0.0,0.0
t1w8_500fps_u,ConvolutionInputGenerator_hls_0,9,1,4,1156,256,1,4,8,8,1.765,1.4267,1.0345,0,0.4887,0.0,0.0,0.0
t2w2_50000fps_u,ConvolutionInputGenerator_hls_0,9,1,4,1156,256,4,4,8,8,1.8289,1.4154,1.2644,0,0.6805,0.0,0.0,0.0
t2w2_50000fps_u,ConvolutionInputGenerator_hls_1,9,1,16,324,64,8,4,2,2,1.532,1.3252,0.6322,0,0.5592,0.0,0.0,0.0
t2w2_50000fps_u,ConvolutionInputGenerator_hls_2,9,1,8,100,16,1,4,2,2,1.3496,1.2932,0.1724,0,0.4286,0.0,0.0,0.0
t2w2_50000fps_u,ConvolutionInputGenerator_hls_3,9,1,16,36,4,1,4,2,2,1.3571,1.3008,0.1724,0,0.4276,0.0,0.0,0.0
t2w2_5000fps_u,ConvolutionInputGenerator_hls_0,9,1,4,1156,256,1,4,8,8,1.75,1.4117,1.0345,0,0.4887,0.0,0.0,0.0
t2w2_5000fps_u,ConvolutionInputGenerator_hls_1,9,1,16,324,64,1,4,2,2,1.4944,1.3252,0.5172,0,0.4333,0.0,0.0,0.0
t2w2_5000fps_u,ConvolutionInputGenerator_hls_2,9,1,8,100,16,1,4,2,2,1.3308,1.2744,0.1724,0,0.4286,0.0,0.0,0.0
t2w2_5000fps_u,ConvolutionInputGenerator_hls_3,9,1,16,36,4,1,4,2,2,1.3459,1.2895,0.1724,0,0.4276,0.0,0.0,0.0
t2w2_500fps_u,ConvolutionInputGenerator_hls_0,9,1,4,1156,256,1,4,8,8,1.7368,1.3985,1.0345,0,0.4887,0.0,0.0,0.0
t2w2_500fps_u,ConvolutionInputGenerator_hls_1,9,1,16,324,64,1,4,2,2,1.4981,1.3289,0.5172,0,0.4333,0.0,0.0,0.0
t2w2_500fps_u,ConvolutionInputGenerator_hls_2,9,1,8,100,16,1,4,2,2,1.3534,1.297,0.1724,0,0.4286,0.0,0.0,0.0
t2w2_500fps_u,ConvolutionInputGenerator_hls_3,9,1,16,36,4,1,4,2,2,1.3233,1.2669,0.1724,0,0.4276,0.0,0.0,0.0
t2w4_50000fps_u,ConvolutionInputGenerator_hls_0,9,1,4,1156,256,4,4,8,8,1.8346,1.4211,1.2644,0,0.6805,0.0,0.0,0.0
t2w4_50000fps_u,ConvolutionInputGenerator_hls_1,9,1,16,324,64,8,4,4,4,1.8346,1.4211,1.2644,0,0.7096,0.0,0.0,0.0
t2w4_50000fps_u,ConvolutionInputGenerator_hls_2,9,1,8,100,16,1,4,4,4,1.4267,1.3139,0.3448,0,0.4474,0.0,0.0,0.0
t2w4_50000fps_u,ConvolutionInputGenerator_hls_3,9,1,16,36,4,1,4,4,4,1.4135,1.3008,0.3448,0,0.4464,0.0,0.0,0.0
t2w4_5000fps_u,ConvolutionInputGenerator_hls_0,9,1,4,1156,256,1,4,8,8,1.7481,1.4098,1.0345,0,0.4887,0.0,0.0,0.0
t2w4_5000fps_u,ConvolutionInputGenerator_hls_1,9,1,16,324,64,1,4,4,4,1.6748,1.3929,0.8621,0,0.4521,0.0,0.0,0.0
t2w4_5000fps_u,ConvolutionInputGenerator_hls_2,9,1,8,100,16,1,4,4,4,1.3816,1.2688,0.3448,0,0.4474,0.0,0.0,0.0
t2w4_5000fps_u,ConvolutionInputGenerator_hls_3,9,1,16,36,4,1,4,4,4,1.4192,1.3064,0.3448,0,0.4464,0.0,0.0,0.0
t2w4_500fps_u,ConvolutionInputGenerator_hls_0,9,1,4,1156,256,1,4,8,8,1.7462,1.4079,1.0345,0,0.4887,0.0,0.0,0.0
t2w4_500fps_u,ConvolutionInputGenerator_hls_1,9,1,16,324,64,1,4,4,4,1.6898,1.4079,0.8621,0,0.4521,0.0,0.0,0.0
t2w4_500fps_u,ConvolutionInputGenerator_hls_2,9,1,8,100,16,1,4,4,4,1.3872,1.2744,0.3448,0,0.4474,0.0,0.0,0.0
t2w4_500fps_u,ConvolutionInputGenerator_hls_3,9,1,16,36,4,1,4,4,4,1.4154,1.3026,0.3448,0,0.4464,0.0,0.0,0.0
t2w8_5000fps_u,ConvolutionInputGenerator_hls_0,9,1,4,1156,256,1,4,8,8,1.7575,1.4192,1.0345,0,0.4887,0.0,0.0,0.0
t2w8_5000fps_u,ConvolutionInputGenerator_hls_1,9,1,16,324,64,1,4,8,8,2.0508,1.4868,1.7241,0,0.4953,0.0,0.0,0.0
t2w8_5000fps_u,ConvolutionInputGenerator_hls_2,9,1,8,100,16,1,4,8,8,1.5846,1.359,0.6897,0,0.485,0.0,0.0,0.0
t2w8_5000fps_u,ConvolutionInputGenerator_hls_3,9,1,16,36,4,1,4,8,8,1.5733,1.3477,0.6897,0,0.484,0.0,0.0,0.0
t2w8_500fps_u,ConvolutionInputGenerator_hls_0,9,1,4,1156,256,1,4,8,8,1.7556,1.4173,1.0345,0,0.4887,0.0,0.0,0.0
t2w8_500fps_u,ConvolutionInputGenerator_hls_1,9,1,16,324,64,1,4,8,8,2.0902,1.5263,1.7241,0,0.4953,0.0,0.0,0.0
t2w8_500fps_u,ConvolutionInputGenerator_hls_2,9,1,8,100,16,1,4,8,8,1.5545,1.3289,0.6897,0,0.485,0.0,0.0,0.0
t2w8_500fps_u,ConvolutionInputGenerator_hls_3,9,1,16,36,4,1,4,8,8,1.5846,1.359,0.6897,0,0.484,0.0,0.0,0.0
